[
  {
    "id": "23e211bf-602c-47b4-a5df-82c3a4df4530",
    "data": [
      {
        "text": "mesiano",
        "alias": "Place",
        "meta": "@Place",
        "userDefined": false
      },
      {
        "text": " ",
        "userDefined": false
      },
      {
        "text": "1a",
        "alias": "aulemesianoaltro",
        "meta": "@aulemesianoaltro",
        "userDefined": false
      }
    ],
    "isTemplate": false,
    "count": 0
  },
  {
    "id": "46f5f983-1416-4dd9-9ae7-d88309d7c1eb",
    "data": [
      {
        "text": "cognitive",
        "alias": "Place",
        "meta": "@Place",
        "userDefined": false
      },
      {
        "text": " ",
        "userDefined": false
      },
      {
        "text": "aula 18",
        "alias": "aulecognitive",
        "meta": "@aulecognitive",
        "userDefined": false
      }
    ],
    "isTemplate": false,
    "count": 0
  },
  {
    "id": "c5ba31ff-e7e9-45c1-a31d-8574caeb7365",
    "data": [
      {
        "text": "è libera la ",
        "userDefined": false
      },
      {
        "text": "A101",
        "alias": "aulepovoAPT",
        "meta": "@aulepovoAPT",
        "userDefined": false
      },
      {
        "text": "?",
        "userDefined": false
      }
    ],
    "isTemplate": false,
    "count": 0
  },
  {
    "id": "4a0a6935-f584-49f5-aa6b-b10140206cdd",
    "data": [
      {
        "text": "che che lezioni ci sono in ",
        "userDefined": false
      },
      {
        "text": "B107",
        "alias": "aulepovoBPT",
        "meta": "@aulepovoBPT",
        "userDefined": false
      }
    ],
    "isTemplate": false,
    "count": 0
  },
  {
    "id": "41d6abde-ac00-4b28-93e6-b186c58d23da",
    "data": [
      {
        "text": "dammi lo schedule della ",
        "userDefined": false
      },
      {
        "text": "A201",
        "alias": "aulepovoA1p",
        "meta": "@aulepovoA1p",
        "userDefined": false
      }
    ],
    "isTemplate": false,
    "count": 0
  },
  {
    "id": "9234b0ba-dedb-4471-a3c8-044237d368be",
    "data": [
      {
        "text": "t4",
        "alias": "aulemesianoaltro",
        "meta": "@aulemesianoaltro",
        "userDefined": false
      }
    ],
    "isTemplate": false,
    "count": 0
  },
  {
    "id": "5cfdff61-f476-408c-98aa-3525ba485963",
    "data": [
      {
        "text": "t1",
        "alias": "aulemesiano",
        "meta": "@aulemesiano",
        "userDefined": false
      }
    ],
    "isTemplate": false,
    "count": 0
  },
  {
    "id": "ba59a6e1-c6c8-43da-a878-b64bc5f2f36b",
    "data": [
      {
        "text": "aula 6",
        "alias": "aulesociologia",
        "meta": "@aulesociologia",
        "userDefined": false
      }
    ],
    "isTemplate": false,
    "count": 0
  },
  {
    "id": "36aff2ee-bad8-499d-ac6b-e57721f868b8",
    "data": [
      {
        "text": "aula 18",
        "alias": "aulecognitive",
        "meta": "@aulecognitive",
        "userDefined": false
      }
    ],
    "isTemplate": false,
    "count": 0
  },
  {
    "id": "1e3b4cd4-363f-4ee0-a1b4-018a380c8fd0",
    "data": [
      {
        "text": "aula 001",
        "alias": "aulelettere",
        "meta": "@aulelettere",
        "userDefined": false
      }
    ],
    "isTemplate": false,
    "count": 0
  },
  {
    "id": "43a6b1b5-f90e-49c8-b70d-cae658026bb3",
    "data": [
      {
        "text": "1e",
        "alias": "auleeconomia",
        "meta": "@auleeconomia",
        "userDefined": false
      }
    ],
    "isTemplate": false,
    "count": 0
  },
  {
    "id": "0d51886a-5d57-4c5e-9907-0946b4fb014c",
    "data": [
      {
        "text": "B107",
        "alias": "aulepovoBPT",
        "meta": "@aulepovoBPT",
        "userDefined": false
      }
    ],
    "isTemplate": false,
    "count": 0
  },
  {
    "id": "365ee002-fdb0-43b2-9ccf-00785b9de429",
    "data": [
      {
        "text": "sociologia",
        "alias": "Place",
        "meta": "@Place",
        "userDefined": false
      },
      {
        "text": " ",
        "userDefined": false
      },
      {
        "text": "aula 18",
        "alias": "aulecognitive",
        "meta": "@aulecognitive",
        "userDefined": false
      }
    ],
    "isTemplate": false,
    "count": 0
  },
  {
    "id": "96bb02b6-1ca9-4b09-9ecc-a80e8dc6c747",
    "data": [
      {
        "text": "B101",
        "alias": "aulepovoB1p",
        "meta": "@aulepovoB1p",
        "userDefined": false
      }
    ],
    "isTemplate": false,
    "count": 0
  },
  {
    "id": "8993c811-db2b-4e06-8a87-d67ab4069b30",
    "data": [
      {
        "text": "stanza 102 via rosmini 15",
        "alias": "aulegiurisprudenza",
        "meta": "@aulegiurisprudenza",
        "userDefined": false
      }
    ],
    "isTemplate": false,
    "count": 0
  },
  {
    "id": "df716904-aced-468e-9cad-fe9ba25e8004",
    "data": [
      {
        "text": "aula a101",
        "alias": "aulepovoAPT",
        "meta": "@aulepovoAPT",
        "userDefined": false
      }
    ],
    "isTemplate": false,
    "count": 0
  },
  {
    "id": "68997460-ed3a-4b7d-a272-8764c2de1849",
    "data": [
      {
        "text": "aula 10",
        "alias": "aulesociologia",
        "meta": "@aulesociologia",
        "userDefined": false
      },
      {
        "text": " ",
        "userDefined": false
      },
      {
        "text": "scienze cognitive",
        "alias": "Place",
        "meta": "@Place",
        "userDefined": false
      }
    ],
    "isTemplate": false,
    "count": 0
  },
  {
    "id": "c5e9255c-cc61-4f3c-a7dc-48d4f4a88a29",
    "data": [
      {
        "text": "a201",
        "alias": "aulepovoA1p",
        "meta": "@aulepovoA1p",
        "userDefined": false
      },
      {
        "text": " ",
        "userDefined": false
      },
      {
        "text": "povo",
        "alias": "Place",
        "meta": "@Place",
        "userDefined": false
      }
    ],
    "isTemplate": false,
    "count": 0
  },
  {
    "id": "6398cfa2-fec9-47fc-9158-7e3f91e9bb4a",
    "data": [
      {
        "text": "t1",
        "alias": "aulemesiano",
        "meta": "@aulemesiano",
        "userDefined": false
      },
      {
        "text": " ",
        "userDefined": false
      },
      {
        "text": "mesiano",
        "alias": "Place",
        "meta": "@Place",
        "userDefined": false
      }
    ],
    "isTemplate": false,
    "count": 0
  },
  {
    "id": "dc56f844-79ef-4f64-9d0a-4c96f7614a75",
    "data": [
      {
        "text": "1r",
        "alias": "aulemesianoaltro",
        "meta": "@aulemesianoaltro",
        "userDefined": false
      },
      {
        "text": " ",
        "userDefined": false
      },
      {
        "text": "mesiano",
        "alias": "Place",
        "meta": "@Place",
        "userDefined": false
      }
    ],
    "isTemplate": false,
    "count": 0
  },
  {
    "id": "6e97b8c7-6874-417d-bdc8-8f765f33e96e",
    "data": [
      {
        "text": "aula 001",
        "alias": "aulelettere",
        "meta": "@aulelettere",
        "userDefined": false
      },
      {
        "text": " ",
        "userDefined": false
      },
      {
        "text": "lettere",
        "alias": "Place",
        "meta": "@Place",
        "userDefined": false
      }
    ],
    "isTemplate": false,
    "count": 0
  },
  {
    "id": "d2ef3dd7-491c-4036-a088-74a198f7f4cb",
    "data": [
      {
        "text": "orario ",
        "userDefined": false
      },
      {
        "text": "aula 001",
        "alias": "aulelettere",
        "meta": "@aulelettere",
        "userDefined": false
      }
    ],
    "isTemplate": false,
    "count": 0
  },
  {
    "id": "7baad3ca-e0d1-4083-a146-518d8161a1df",
    "data": [
      {
        "text": "orario ",
        "userDefined": false
      },
      {
        "text": "1r",
        "alias": "aulemesianoaltro",
        "meta": "@aulemesianoaltro",
        "userDefined": false
      }
    ],
    "isTemplate": false,
    "count": 0
  },
  {
    "id": "6e5c6147-b6c7-4ab6-9e8f-5d551938c509",
    "data": [
      {
        "text": "orario ",
        "userDefined": false
      },
      {
        "text": "t1",
        "alias": "aulemesiano",
        "meta": "@aulemesiano",
        "userDefined": false
      }
    ],
    "isTemplate": false,
    "count": 0
  },
  {
    "id": "6b5b197e-97e1-4607-b5fd-4be3b046b991",
    "data": [
      {
        "text": "orario ",
        "userDefined": false
      },
      {
        "text": "A101",
        "alias": "aulepovoAPT",
        "meta": "@aulepovoAPT",
        "userDefined": false
      }
    ],
    "isTemplate": false,
    "count": 0
  },
  {
    "id": "11baa482-c307-40d0-9e96-22eaa1a27c80",
    "data": [
      {
        "text": "aula 7",
        "alias": "aulesociologia",
        "meta": "@aulesociologia",
        "userDefined": false
      }
    ],
    "isTemplate": false,
    "count": 0
  },
  {
    "id": "9c75d539-69c6-4ab0-9807-99b8a2bb9554",
    "data": [
      {
        "text": "A201",
        "alias": "aulepovoA1p",
        "meta": "@aulepovoA1p",
        "userDefined": false
      }
    ],
    "isTemplate": false,
    "count": 0
  },
  {
    "id": "4b9d29e1-de29-4f4f-bd64-954fed5b1486",
    "data": [
      {
        "text": "orario ",
        "userDefined": false
      },
      {
        "text": "A201",
        "alias": "aulepovoA1p",
        "meta": "@aulepovoA1p",
        "userDefined": false
      }
    ],
    "isTemplate": false,
    "count": 0
  },
  {
    "id": "aee6de17-a0aa-4cf3-9bc2-a0056381b2a3",
    "data": [
      {
        "text": "orario ",
        "userDefined": false
      },
      {
        "text": "aula 7",
        "alias": "aulepovoaltro",
        "meta": "@aulepovoaltro",
        "userDefined": false
      }
    ],
    "isTemplate": false,
    "count": 0
  },
  {
    "id": "22aaf0ae-d0f0-461b-bdd3-31574570d47d",
    "data": [
      {
        "text": "orario ",
        "userDefined": false
      },
      {
        "text": "aula studio nord",
        "alias": "aulecognitive",
        "meta": "@aulecognitive",
        "userDefined": false
      }
    ],
    "isTemplate": false,
    "count": 0
  },
  {
    "id": "be75c0cb-c9dd-44f4-825e-a37add87e6d6",
    "data": [
      {
        "text": "orario ",
        "userDefined": false
      },
      {
        "text": "15",
        "alias": "aulesociologia",
        "meta": "@aulesociologia",
        "userDefined": false
      }
    ],
    "isTemplate": false,
    "count": 1
  },
  {
    "id": "5dc3366a-cfdb-45f5-8be1-79d9b29c2aa9",
    "data": [
      {
        "text": "orario ",
        "userDefined": false
      },
      {
        "text": "1E",
        "alias": "auleeconomia",
        "meta": "@auleeconomia",
        "userDefined": false
      }
    ],
    "isTemplate": false,
    "count": 0
  },
  {
    "id": "78bbbecc-a761-421d-8f1c-f85001333bc7",
    "data": [
      {
        "text": "orario ",
        "userDefined": false
      },
      {
        "text": "LD elettronica",
        "alias": "aulepovoaltro",
        "meta": "@aulepovoaltro",
        "userDefined": false
      }
    ],
    "isTemplate": false,
    "count": 0
  },
  {
    "id": "d79210fc-6764-47bc-b0f2-f65e668a53cf",
    "data": [
      {
        "text": "orario ",
        "userDefined": false
      },
      {
        "text": "B102",
        "alias": "aulepovoB1p",
        "meta": "@aulepovoB1p",
        "userDefined": false
      }
    ],
    "isTemplate": false,
    "count": 0
  },
  {
    "id": "6040a2e4-4ae1-4483-b5c8-52356343fa67",
    "data": [
      {
        "text": "orario ",
        "userDefined": false
      },
      {
        "text": "Stanza 207",
        "alias": "aulegiurisprudenza",
        "meta": "@aulegiurisprudenza",
        "userDefined": false
      }
    ],
    "isTemplate": false,
    "count": 0
  },
  {
    "id": "46aacfcb-39c1-4743-a795-b8b40b1899a5",
    "data": [
      {
        "text": "orario ",
        "userDefined": false
      },
      {
        "text": "B106",
        "alias": "aulepovoBPT",
        "meta": "@aulepovoBPT",
        "userDefined": false
      }
    ],
    "isTemplate": false,
    "count": 1
  }
]