[
  {
    "id": "9110f54c-a02c-4578-a19f-1b2d02bd4774",
    "data": [
      {
        "text": "aula T1",
        "alias": "aulemesiano",
        "meta": "@aulemesiano",
        "userDefined": false
      }
    ],
    "isTemplate": false,
    "count": 0
  },
  {
    "id": "c1b30abe-685f-441e-9e25-696cd0a8e489",
    "data": [
      {
        "text": "povo",
        "meta": "@sys.ignore",
        "userDefined": false
      },
      {
        "text": " ",
        "userDefined": false
      },
      {
        "text": "A101",
        "alias": "aulepovoAPT",
        "meta": "@aulepovoAPT",
        "userDefined": false
      }
    ],
    "isTemplate": false,
    "count": 0
  },
  {
    "id": "272b0c65-7279-4a0d-8593-9ad839846595",
    "data": [
      {
        "text": "povo",
        "meta": "@sys.ignore",
        "userDefined": false
      },
      {
        "text": " aula ",
        "userDefined": false
      },
      {
        "text": "A205",
        "alias": "aulepovoA1p",
        "meta": "@aulepovoA1p",
        "userDefined": false
      }
    ],
    "isTemplate": false,
    "count": 0
  },
  {
    "id": "13909178-5310-4415-8088-941d519acc05",
    "data": [
      {
        "text": "A201",
        "alias": "aulepovoA1p",
        "meta": "@aulepovoA1p",
        "userDefined": false
      }
    ],
    "isTemplate": false,
    "count": 0
  },
  {
    "id": "c1cad36c-28b2-4211-be7d-c7e6262422f3",
    "data": [
      {
        "text": "orario ",
        "userDefined": false
      },
      {
        "text": "aula studio nord",
        "alias": "aulecognitive",
        "meta": "@aulecognitive",
        "userDefined": false
      }
    ],
    "isTemplate": false,
    "count": 0
  },
  {
    "id": "99cff80c-7102-4569-a9a6-31bd6895cf3d",
    "data": [
      {
        "text": "orario ",
        "userDefined": false
      },
      {
        "text": "15",
        "alias": "aulesociologia",
        "meta": "@aulesociologia",
        "userDefined": false
      }
    ],
    "isTemplate": false,
    "count": 0
  },
  {
    "id": "138c32aa-e562-4aed-82b4-5d65c3128dfb",
    "data": [
      {
        "text": "orario ",
        "userDefined": false
      },
      {
        "text": "001",
        "alias": "aulelettere",
        "meta": "@aulelettere",
        "userDefined": false
      }
    ],
    "isTemplate": false,
    "count": 0
  },
  {
    "id": "73e1205e-7b0e-4b67-b8d6-a9e544ad0178",
    "data": [
      {
        "text": "orario ",
        "userDefined": false
      },
      {
        "text": "1E",
        "alias": "auleeconomia",
        "meta": "@auleeconomia",
        "userDefined": false
      }
    ],
    "isTemplate": false,
    "count": 0
  },
  {
    "id": "2c5e0b27-98a0-400b-9904-1e3e3f33601e",
    "data": [
      {
        "text": "orario ",
        "userDefined": false
      },
      {
        "text": "LD elettronica",
        "alias": "aulepovoaltro",
        "meta": "@aulepovoaltro",
        "userDefined": false
      }
    ],
    "isTemplate": false,
    "count": 0
  },
  {
    "id": "9f298ea1-f6dd-4740-b035-dd2c16440cca",
    "data": [
      {
        "text": "orario ",
        "userDefined": false
      },
      {
        "text": "B102",
        "alias": "aulepovoB1p",
        "meta": "@aulepovoB1p",
        "userDefined": false
      }
    ],
    "isTemplate": false,
    "count": 0
  },
  {
    "id": "d44d3887-a434-4e60-8f97-62b0ef1ccfbc",
    "data": [
      {
        "text": "orario ",
        "userDefined": false
      },
      {
        "text": "Stanza 207",
        "alias": "aulegiurisprudenza",
        "meta": "@aulegiurisprudenza",
        "userDefined": false
      }
    ],
    "isTemplate": false,
    "count": 0
  },
  {
    "id": "15550cde-e3e9-4448-ad9d-b51fec2c5c9b",
    "data": [
      {
        "text": "aula ",
        "userDefined": false
      },
      {
        "text": "A101",
        "alias": "aulepovoAPT",
        "meta": "@aulepovoAPT",
        "userDefined": false
      }
    ],
    "isTemplate": false,
    "count": 0
  },
  {
    "id": "13cd52e0-61cf-4be2-80a0-fa5fdf5735b3",
    "data": [
      {
        "text": "dammi lo schedule dell\u0027aula ",
        "userDefined": false
      },
      {
        "text": "A204",
        "alias": "aulepovoA1p",
        "meta": "@aulepovoA1p",
        "userDefined": false
      }
    ],
    "isTemplate": false,
    "count": 0
  },
  {
    "id": "2fa266a2-ba2f-4730-b0e4-dd0d1d2106e3",
    "data": [
      {
        "text": "che lezioni ci sono in ",
        "userDefined": false
      },
      {
        "text": "A104",
        "alias": "aulepovoAPT",
        "meta": "@aulepovoAPT",
        "userDefined": false
      }
    ],
    "isTemplate": false,
    "count": 0
  },
  {
    "id": "78005f66-eb40-410a-b158-f160a12f16ef",
    "data": [
      {
        "text": "è libera la ",
        "userDefined": false
      },
      {
        "text": "T1",
        "alias": "aulemesiano",
        "meta": "@aulemesiano",
        "userDefined": false
      },
      {
        "text": "?",
        "userDefined": false
      }
    ],
    "isTemplate": false,
    "count": 0
  },
  {
    "id": "3ba37fd4-09db-424c-9f90-ce0878e5628f",
    "data": [
      {
        "text": "orario ",
        "userDefined": false
      },
      {
        "text": "B106",
        "alias": "aulepovoBPT",
        "meta": "@aulepovoBPT",
        "userDefined": false
      }
    ],
    "isTemplate": false,
    "count": 1
  }
]