[
  {
    "value": "1-2",
    "synonyms": []
  },
  {
    "value": "2",
    "synonyms": []
  },
  {
    "value": "3",
    "synonyms": []
  },
  {
    "value": "4",
    "synonyms": []
  },
  {
    "value": "5",
    "synonyms": []
  },
  {
    "value": "6",
    "synonyms": []
  },
  {
    "value": "7",
    "synonyms": []
  },
  {
    "value": "8",
    "synonyms": []
  },
  {
    "value": "9",
    "synonyms": []
  },
  {
    "value": "10",
    "synonyms": []
  },
  {
    "value": "11",
    "synonyms": []
  },
  {
    "value": "12",
    "synonyms": []
  },
  {
    "value": "Laboratorio 13",
    "synonyms": []
  },
  {
    "value": "14",
    "synonyms": []
  },
  {
    "value": "15",
    "synonyms": []
  },
  {
    "value": "16",
    "synonyms": []
  },
  {
    "value": "20",
    "synonyms": []
  },
  {
    "value": "Aula Kessler",
    "synonyms": []
  },
  {
    "value": "Laboratorio 2",
    "synonyms": []
  },
  {
    "value": "Laboratorio 3",
    "synonyms": []
  },
  {
    "value": "Laboratorio 4",
    "synonyms": []
  },
  {
    "value": "Sala riunioni 2",
    "synonyms": []
  },
  {
    "value": "Sala Studio 1",
    "synonyms": []
  },
  {
    "value": "Sala riunioni 3",
    "synonyms": []
  },
  {
    "value": "Sala archeologica",
    "synonyms": []
  },
  {
    "value": "Sala Studio 2",
    "synonyms": []
  },
  {
    "value": "Sala Gruppi 1",
    "synonyms": []
  },
  {
    "value": "Sala Rostagno",
    "synonyms": []
  },
  {
    "value": "Ufficio Ricevimenti 3/16",
    "synonyms": []
  },
  {
    "value": "Ufficio ricevimenti 3/40",
    "synonyms": []
  },
  {
    "value": "Ufficio Visiting 36",
    "synonyms": []
  },
  {
    "value": "Ufficio Visiting 47",
    "synonyms": []
  },
  {
    "value": "Corte centrale",
    "synonyms": []
  },
  {
    "value": "Reception 2",
    "synonyms": []
  }
]