[
  {
    "value": "Laboratorio didattico",
    "synonyms": []
  },
  {
    "value": "Aula magna",
    "synonyms": []
  },
  {
    "value": "15",
    "synonyms": []
  },
  {
    "value": "18",
    "synonyms": []
  },
  {
    "value": "19",
    "synonyms": []
  },
  {
    "value": "Laboratorio informatico 3",
    "synonyms": []
  },
  {
    "value": "Laboratorio di Comunicazione e Narratività",
    "synonyms": []
  },
  {
    "value": "8",
    "synonyms": []
  },
  {
    "value": "9",
    "synonyms": []
  },
  {
    "value": "10",
    "synonyms": []
  },
  {
    "value": "Internet Point-Linux",
    "synonyms": []
  },
  {
    "value": "1",
    "synonyms": []
  },
  {
    "value": "3",
    "synonyms": []
  },
  {
    "value": "4",
    "synonyms": []
  },
  {
    "value": "5",
    "synonyms": []
  },
  {
    "value": "6",
    "synonyms": []
  },
  {
    "value": "7",
    "synonyms": []
  },
  {
    "value": "11",
    "synonyms": []
  },
  {
    "value": "12",
    "synonyms": []
  },
  {
    "value": "13",
    "synonyms": []
  },
  {
    "value": "14",
    "synonyms": []
  },
  {
    "value": "16",
    "synonyms": []
  },
  {
    "value": "17",
    "synonyms": []
  },
  {
    "value": "20",
    "synonyms": []
  },
  {
    "value": "21",
    "synonyms": []
  },
  {
    "value": "Aula Magna",
    "synonyms": []
  },
  {
    "value": "Aula Studio nord",
    "synonyms": []
  },
  {
    "value": "Aula Studio sud",
    "synonyms": []
  },
  {
    "value": "Laboratorio informatico 1",
    "synonyms": []
  },
  {
    "value": "Laboratorio informatico 2",
    "synonyms": []
  }
]