[
  {
    "value": "Aula 1-2",
    "synonyms": [
      "Aula 1-2"
    ]
  },
  {
    "value": "Aula 2",
    "synonyms": [
      "Aula 2"
    ]
  },
  {
    "value": "Aula 3",
    "synonyms": [
      "Aula 3"
    ]
  },
  {
    "value": "Aula 4",
    "synonyms": [
      "Aula 4"
    ]
  },
  {
    "value": "Aula 5",
    "synonyms": [
      "Aula 5"
    ]
  },
  {
    "value": "Aula 6",
    "synonyms": [
      "Aula 6"
    ]
  },
  {
    "value": "Aula 7",
    "synonyms": [
      "Aula 7"
    ]
  },
  {
    "value": "Aula 8",
    "synonyms": [
      "Aula 8"
    ]
  },
  {
    "value": "Aula 9",
    "synonyms": [
      "Aula 9"
    ]
  },
  {
    "value": "Aula 10",
    "synonyms": [
      "Aula 10"
    ]
  },
  {
    "value": "Aula 11",
    "synonyms": [
      "Aula 11"
    ]
  },
  {
    "value": "Aula 12",
    "synonyms": [
      "Aula 12"
    ]
  },
  {
    "value": "Laboratorio 13",
    "synonyms": [
      "Laboratorio 13"
    ]
  },
  {
    "value": "Aula 14",
    "synonyms": [
      "Aula 14"
    ]
  },
  {
    "value": "Aula 15",
    "synonyms": [
      "Aula 15"
    ]
  },
  {
    "value": "Aula 16",
    "synonyms": [
      "Aula 16"
    ]
  },
  {
    "value": "Aula 20 - Andreatta",
    "synonyms": [
      "Aula 20 - Andreatta"
    ]
  },
  {
    "value": "Aula Kessler",
    "synonyms": [
      "Aula Kessler"
    ]
  },
  {
    "value": "Laboratorio 2",
    "synonyms": [
      "Laboratorio 2"
    ]
  },
  {
    "value": "Laboratorio 3",
    "synonyms": [
      "Laboratorio 3"
    ]
  },
  {
    "value": "Laboratorio 4",
    "synonyms": [
      "Laboratorio 4"
    ]
  },
  {
    "value": "Sala riunioni 2",
    "synonyms": [
      "Sala riunioni 2"
    ]
  },
  {
    "value": "Sala Studio 1",
    "synonyms": [
      "Sala Studio 1"
    ]
  },
  {
    "value": "Sala riunioni 3",
    "synonyms": [
      "Sala riunioni 3"
    ]
  },
  {
    "value": "Sala archeologica",
    "synonyms": [
      "Sala archeologica"
    ]
  },
  {
    "value": "Sala Studio 2",
    "synonyms": [
      "Sala Studio 2"
    ]
  },
  {
    "value": "Sala Gruppi 1",
    "synonyms": [
      "Sala Gruppi 1"
    ]
  },
  {
    "value": "Sala Rostagno",
    "synonyms": [
      "Sala Rostagno"
    ]
  },
  {
    "value": "Ufficio Ricevimenti 3/16",
    "synonyms": [
      "Ufficio Ricevimenti 3/16"
    ]
  },
  {
    "value": "Ufficio ricevimenti 3/40",
    "synonyms": [
      "Ufficio ricevimenti 3/40"
    ]
  },
  {
    "value": "Ufficio Visiting 36",
    "synonyms": [
      "Ufficio Visiting 36"
    ]
  },
  {
    "value": "Ufficio Visiting 47",
    "synonyms": [
      "Ufficio Visiting 47"
    ]
  },
  {
    "value": "Corte centrale",
    "synonyms": [
      "Corte centrale"
    ]
  },
  {
    "value": "Reception 2",
    "synonyms": [
      "Reception 2"
    ]
  }
]