[
  {
    "value": "T1/A",
    "synonyms": []
  },
  {
    "value": "T1/B",
    "synonyms": []
  },
  {
    "value": "T3",
    "synonyms": []
  },
  {
    "value": "T4",
    "synonyms": []
  },
  {
    "value": "1A",
    "synonyms": []
  },
  {
    "value": "1B",
    "synonyms": []
  },
  {
    "value": "1D",
    "synonyms": []
  },
  {
    "value": "1P",
    "synonyms": []
  },
  {
    "value": "1R",
    "synonyms": []
  },
  {
    "value": "2A",
    "synonyms": []
  },
  {
    "value": "2B",
    "synonyms": []
  },
  {
    "value": "2C",
    "synonyms": []
  },
  {
    "value": "2D",
    "synonyms": []
  },
  {
    "value": "2F",
    "synonyms": []
  },
  {
    "value": "2M",
    "synonyms": []
  },
  {
    "value": "2N",
    "synonyms": []
  },
  {
    "value": "2Q",
    "synonyms": []
  },
  {
    "value": "2R",
    "synonyms": []
  },
  {
    "value": "4A",
    "synonyms": []
  },
  {
    "value": "4B",
    "synonyms": []
  },
  {
    "value": "PC est",
    "synonyms": []
  },
  {
    "value": "PC ovest",
    "synonyms": []
  },
  {
    "value": "Biblioteca di Ingegneria",
    "synonyms": []
  },
  {
    "value": "EALAB",
    "synonyms": []
  }
]