[
  {
    "value": "Laboratorio didattico, Palazzo Fedrigotti",
    "synonyms": [
      "Laboratorio didattico"
    ]
  },
  {
    "value": "Aula magna",
    "synonyms": [
      "Aula magna"
    ]
  },
  {
    "value": "Aula 15",
    "synonyms": [
      "Aula 15"
    ]
  },
  {
    "value": "Aula 18",
    "synonyms": [
      "Aula 18"
    ]
  },
  {
    "value": "Aula 19",
    "synonyms": [
      "Aula 19"
    ]
  },
  {
    "value": "Laboratorio informatico 3",
    "synonyms": [
      "Laboratorio informatico 3"
    ]
  },
  {
    "value": "Laboratorio di Comunicazione e Narratività",
    "synonyms": [
      "Laboratorio di Comunicazione e Narratività"
    ]
  },
  {
    "value": "Aula 8",
    "synonyms": [
      "Aula 8"
    ]
  },
  {
    "value": "Aula 9",
    "synonyms": [
      "Aula 9"
    ]
  },
  {
    "value": "Aula 10",
    "synonyms": [
      "Aula 10"
    ]
  },
  {
    "value": "Internet Point-Linux",
    "synonyms": [
      "Internet Point-Linux"
    ]
  },
  {
    "value": "Aula 1 piano terra",
    "synonyms": [
      "Aula 1"
    ]
  },
  {
    "value": "Aula 3",
    "synonyms": [
      "Aula 3"
    ]
  },
  {
    "value": "Aula 4",
    "synonyms": [
      "Aula 4"
    ]
  },
  {
    "value": "Aula 5",
    "synonyms": [
      "Aula 5"
    ]
  },
  {
    "value": "Aula 6",
    "synonyms": [
      "Aula 6"
    ]
  },
  {
    "value": "Aula 7",
    "synonyms": [
      "Aula 7"
    ]
  },
  {
    "value": "Aula 11 primo piano",
    "synonyms": [
      "Aula 11"
    ]
  },
  {
    "value": "Aula 12",
    "synonyms": [
      "Aula 12"
    ]
  },
  {
    "value": "Aula 13",
    "synonyms": [
      "Aula 13"
    ]
  },
  {
    "value": "Aula 14",
    "synonyms": [
      "Aula 14"
    ]
  },
  {
    "value": "Aula 16",
    "synonyms": [
      "Aula 16"
    ]
  },
  {
    "value": "Aula 17",
    "synonyms": [
      "Aula 17"
    ]
  },
  {
    "value": "Aula 20 primo piano",
    "synonyms": [
      "Aula 20"
    ]
  },
  {
    "value": "Aula 21",
    "synonyms": [
      "Aula 21"
    ]
  },
  {
    "value": "Aula Magna",
    "synonyms": [
      "Aula Magna",
      "Magna"
    ]
  },
  {
    "value": "Aula Studio nord",
    "synonyms": [
      "Aula Studio nord",
      "studio nord"
    ]
  },
  {
    "value": "Aula Studio sud",
    "synonyms": [
      "Aula Studio sud",
      "studio sud"
    ]
  },
  {
    "value": "Laboratorio informatico 1",
    "synonyms": [
      "Laboratorio informatico 1"
    ]
  },
  {
    "value": "Laboratorio informatico 2",
    "synonyms": [
      "Laboratorio informatico 2"
    ]
  }
]