[
  {
    "value": "Aula T1/A",
    "synonyms": [
      "Aula T1/A",
      "T1/A"
    ]
  },
  {
    "value": "Aula T1/B",
    "synonyms": [
      "Aula T1/B",
      "T1/B"
    ]
  },
  {
    "value": "Aula T3",
    "synonyms": [
      "Aula T3",
      "T3"
    ]
  },
  {
    "value": "Aula T4",
    "synonyms": [
      "Aula T4",
      "T4"
    ]
  },
  {
    "value": "Aula 1A",
    "synonyms": [
      "Aula 1A",
      "1A"
    ]
  },
  {
    "value": "Aula 1B",
    "synonyms": [
      "Aula 1B",
      "1B"
    ]
  },
  {
    "value": "Aula 1D",
    "synonyms": [
      "Aula 1D",
      "1D"
    ]
  },
  {
    "value": "Aula 1P",
    "synonyms": [
      "Aula 1P",
      "1P"
    ]
  },
  {
    "value": "Aula 1R",
    "synonyms": [
      "Aula 1R",
      "1R"
    ]
  },
  {
    "value": "Aula 2A",
    "synonyms": [
      "Aula 2A"
    ]
  },
  {
    "value": "Aula 2B",
    "synonyms": [
      "Aula 2B"
    ]
  },
  {
    "value": "Aula 2C",
    "synonyms": [
      "Aula 2C"
    ]
  },
  {
    "value": "Aula 2D",
    "synonyms": [
      "Aula 2D"
    ]
  },
  {
    "value": "Aula 2F",
    "synonyms": [
      "Aula 2F"
    ]
  },
  {
    "value": "Aula 2M",
    "synonyms": [
      "Aula 2M"
    ]
  },
  {
    "value": "Aula 2N",
    "synonyms": [
      "Aula 2N"
    ]
  },
  {
    "value": "Aula 2Q",
    "synonyms": [
      "Aula 2Q"
    ]
  },
  {
    "value": "Aula 2R",
    "synonyms": [
      "Aula 2R"
    ]
  },
  {
    "value": "Aula 4A",
    "synonyms": [
      "Aula 4A"
    ]
  },
  {
    "value": "Aula 4B",
    "synonyms": [
      "Aula 4B"
    ]
  },
  {
    "value": "Aula PC est",
    "synonyms": [
      "Aula PC est"
    ]
  },
  {
    "value": "Aula PC ovest",
    "synonyms": [
      "Aula PC ovest"
    ]
  },
  {
    "value": "Biblioteca di Ingegneria",
    "synonyms": [
      "Biblioteca di Ingegneria"
    ]
  },
  {
    "value": "EALAB",
    "synonyms": [
      "EALAB"
    ]
  }
]