[
  {
    "value": "Studio A",
    "synonyms": [
      "Studio A"
    ]
  },
  {
    "value": "Studio B",
    "synonyms": [
      "Studio B"
    ]
  },
  {
    "value": "Sala corso Nettuno",
    "synonyms": [
      "Sala corso Nettuno"
    ]
  },
  {
    "value": "Sala studio - A",
    "synonyms": [
      "Sala studio - A"
    ]
  },
  {
    "value": "Sala studio - B",
    "synonyms": [
      "Sala studio - B"
    ]
  },
  {
    "value": "Sala seminari",
    "synonyms": [
      "Sala seminari"
    ]
  },
  {
    "value": "1E",
    "synonyms": [
      "1E"
    ]
  },
  {
    "value": "Sala DEM 4ºP",
    "synonyms": [
      "Sala DEM 4ºP"
    ]
  },
  {
    "value": "3H",
    "synonyms": [
      "3H"
    ]
  },
  {
    "value": "3F",
    "synonyms": [
      "3F"
    ]
  },
  {
    "value": "Aula informatica 2 - P.T.",
    "synonyms": [
      "Aula informatica 2 - P.T."
    ]
  },
  {
    "value": "Aula informatica 1 - 1° p.",
    "synonyms": [
      "Aula informatica 1 - 1° p."
    ]
  },
  {
    "value": "Sala DEM 2°P",
    "synonyms": [
      "Sala DEM 2°P"
    ]
  },
  {
    "value": "Sala studio L.S. - 3° P.",
    "synonyms": [
      "Sala studio L.S. - 3° P."
    ]
  },
  {
    "value": "Aula informatica 1 - P.T.",
    "synonyms": [
      "Aula informatica 1 - P.T."
    ]
  },
  {
    "value": "2D",
    "synonyms": [
      "2D"
    ]
  },
  {
    "value": "Aula informatica 1 - 3° P.",
    "synonyms": [
      "Aula informatica 1 - 3° P."
    ]
  },
  {
    "value": "1F",
    "synonyms": [
      "1F"
    ]
  },
  {
    "value": "Sala DEM 1°P",
    "synonyms": [
      "Sala DEM 1°P"
    ]
  },
  {
    "value": "2E",
    "synonyms": [
      "2E"
    ]
  },
  {
    "value": "3G",
    "synonyms": [
      "3G"
    ]
  },
  {
    "value": "3E",
    "synonyms": [
      "3E"
    ]
  },
  {
    "value": "2C",
    "synonyms": [
      "2C"
    ]
  },
  {
    "value": "3D",
    "synonyms": [
      "3D"
    ]
  },
  {
    "value": "3C",
    "synonyms": [
      "3C"
    ]
  },
  {
    "value": "2B",
    "synonyms": [
      "2B"
    ]
  },
  {
    "value": "Sala Conferenze",
    "synonyms": [
      "Sala Conferenze"
    ]
  },
  {
    "value": "1C",
    "synonyms": [
      "1C"
    ]
  },
  {
    "value": "1A",
    "synonyms": [
      "1A"
    ]
  },
  {
    "value": "2A",
    "synonyms": [
      "2A"
    ]
  },
  {
    "value": "1B",
    "synonyms": [
      "1B"
    ]
  },
  {
    "value": "Aula Azzurra",
    "synonyms": [
      "Aula Azzurra"
    ]
  },
  {
    "value": "Aula Rossa",
    "synonyms": [
      "Aula Rossa"
    ]
  }
]