[
  {
    "value": "Studio A",
    "synonyms": [
      "Studio A"
    ]
  },
  {
    "value": "Studio B",
    "synonyms": [
      "Studio B"
    ]
  },
  {
    "value": "Sala corso Nettuno",
    "synonyms": [
      "Sala corso Nettuno"
    ]
  },
  {
    "value": "Sala studio - A",
    "synonyms": [
      "Sala studio - A",
      "Sala studio A"
    ]
  },
  {
    "value": "Sala studio - B",
    "synonyms": [
      "Sala studio - B",
      "Sala studio B"
    ]
  },
  {
    "value": "Sala seminari",
    "synonyms": [
      "Sala seminari"
    ]
  },
  {
    "value": "Aula 1E",
    "synonyms": [
      "Aula 1E",
      "1E"
    ]
  },
  {
    "value": "Sala DEM 4ºP",
    "synonyms": [
      "Sala DEM 4ºP"
    ]
  },
  {
    "value": "Aula 3H",
    "synonyms": [
      "Aula 3H",
      "3H"
    ]
  },
  {
    "value": "Aula 3F",
    "synonyms": [
      "Aula 3F",
      "3F"
    ]
  },
  {
    "value": "Aula informatica 2 - P.T.",
    "synonyms": [
      "Aula informatica 2 - P.T."
    ]
  },
  {
    "value": "Aula informatica 1 - 1° p.",
    "synonyms": [
      "Aula informatica 1 - 1° p."
    ]
  },
  {
    "value": "Sala DEM 2°P",
    "synonyms": [
      "Sala DEM 2°P"
    ]
  },
  {
    "value": "Sala studio L.S. - 3° P.",
    "synonyms": [
      "Sala studio L.S. - 3° P."
    ]
  },
  {
    "value": "Aula informatica 1 - P.T.",
    "synonyms": [
      "Aula informatica 1 - P.T."
    ]
  },
  {
    "value": "Aula 2D",
    "synonyms": [
      "Aula 2D",
      "2D"
    ]
  },
  {
    "value": "Aula informatica 1 - 3° P.",
    "synonyms": [
      "Aula informatica 1 - 3° P."
    ]
  },
  {
    "value": "Aula 1F",
    "synonyms": [
      "Aula 1F",
      "1F"
    ]
  },
  {
    "value": "Sala DEM 1°P",
    "synonyms": [
      "Sala DEM 1°P"
    ]
  },
  {
    "value": "Aula 2E",
    "synonyms": [
      "Aula 2E",
      "2E"
    ]
  },
  {
    "value": "Aula 3G",
    "synonyms": [
      "Aula 3G",
      "3G"
    ]
  },
  {
    "value": "Aula 3E",
    "synonyms": [
      "Aula 3E",
      "3E"
    ]
  },
  {
    "value": "Aula 2C",
    "synonyms": [
      "Aula 2C",
      "2C"
    ]
  },
  {
    "value": "Aula 3D",
    "synonyms": [
      "Aula 3D",
      "3D"
    ]
  },
  {
    "value": "Aula 3C",
    "synonyms": [
      "Aula 3C",
      "3C"
    ]
  },
  {
    "value": "Aula 2B",
    "synonyms": [
      "Aula 2B",
      "2B"
    ]
  },
  {
    "value": "Sala Conferenze",
    "synonyms": [
      "Sala Conferenze"
    ]
  },
  {
    "value": "Aula 1C",
    "synonyms": [
      "Aula 1C",
      "1C"
    ]
  },
  {
    "value": "Aula 1A",
    "synonyms": [
      "Aula 1A",
      "1A"
    ]
  },
  {
    "value": "Aula 2A",
    "synonyms": [
      "Aula 2A",
      "2A"
    ]
  },
  {
    "value": "Aula 1B",
    "synonyms": [
      "Aula 1B",
      "1B"
    ]
  },
  {
    "value": "Aula Azzurra",
    "synonyms": [
      "Aula Azzurra"
    ]
  },
  {
    "value": "Aula Rossa",
    "synonyms": [
      "Aula Rossa"
    ]
  }
]