[
  {
    "value": "01",
    "synonyms": []
  },
  {
    "value": "02",
    "synonyms": []
  },
  {
    "value": "03",
    "synonyms": []
  },
  {
    "value": "04",
    "synonyms": []
  },
  {
    "value": "05",
    "synonyms": []
  },
  {
    "value": "06",
    "synonyms": []
  },
  {
    "value": "07",
    "synonyms": []
  },
  {
    "value": "08",
    "synonyms": []
  },
  {
    "value": "09",
    "synonyms": []
  },
  {
    "value": "10",
    "synonyms": []
  },
  {
    "value": "AULA GIUSTINO D\u0027ORAZIO",
    "synonyms": []
  },
  {
    "value": "A",
    "synonyms": []
  },
  {
    "value": "B",
    "synonyms": []
  },
  {
    "value": "C",
    "synonyms": []
  },
  {
    "value": "D",
    "synonyms": []
  },
  {
    "value": "AULA INFORMATICA 01",
    "synonyms": []
  },
  {
    "value": "AULA INFORMATICA 02",
    "synonyms": []
  },
  {
    "value": "SALA CONFERENZE",
    "synonyms": []
  },
  {
    "value": "Sala lettura 1",
    "synonyms": []
  },
  {
    "value": "Sala lettura 2",
    "synonyms": []
  },
  {
    "value": "Sala lettura 3",
    "synonyms": []
  },
  {
    "value": "Sala Professori",
    "synonyms": []
  },
  {
    "value": "Stanza 101",
    "synonyms": []
  },
  {
    "value": "Stanza 102",
    "synonyms": []
  },
  {
    "value": "Stanza 104",
    "synonyms": []
  },
  {
    "value": "Stanza 103",
    "synonyms": []
  },
  {
    "value": "Stanza 105",
    "synonyms": []
  },
  {
    "value": "Stanza 106",
    "synonyms": []
  },
  {
    "value": "Stanza 107",
    "synonyms": []
  },
  {
    "value": "Stanza 108",
    "synonyms": []
  },
  {
    "value": "Stanza 109",
    "synonyms": []
  },
  {
    "value": "Stanza 110",
    "synonyms": []
  },
  {
    "value": "Stanza 112",
    "synonyms": []
  },
  {
    "value": "Stanza 113",
    "synonyms": []
  },
  {
    "value": "Stanza 201",
    "synonyms": []
  },
  {
    "value": "Stanza 202",
    "synonyms": []
  },
  {
    "value": "Stanza 203",
    "synonyms": []
  },
  {
    "value": "Stanza 204",
    "synonyms": []
  },
  {
    "value": "Stanza 205",
    "synonyms": []
  },
  {
    "value": "Stanza 206",
    "synonyms": []
  },
  {
    "value": "Stanza 207",
    "synonyms": []
  },
  {
    "value": "Stanza 208",
    "synonyms": []
  },
  {
    "value": "Stanza 209",
    "synonyms": []
  },
  {
    "value": "Stanza 210",
    "synonyms": []
  },
  {
    "value": "Stanza 211",
    "synonyms": []
  },
  {
    "value": "Stanza 212",
    "synonyms": []
  },
  {
    "value": "Stanza 213",
    "synonyms": []
  },
  {
    "value": "Stanza 214",
    "synonyms": []
  },
  {
    "value": "Stanza 215",
    "synonyms": []
  },
  {
    "value": "Stanza 216",
    "synonyms": []
  },
  {
    "value": "Stanza 217",
    "synonyms": []
  },
  {
    "value": "Stanza 218",
    "synonyms": []
  },
  {
    "value": "Stanza 219",
    "synonyms": []
  },
  {
    "value": "Stanza 220",
    "synonyms": []
  },
  {
    "value": "Stanza 221",
    "synonyms": []
  },
  {
    "value": "Stanza 222",
    "synonyms": []
  },
  {
    "value": "Stanza 223",
    "synonyms": []
  },
  {
    "value": "Stanza 225",
    "synonyms": []
  },
  {
    "value": "Stanza 1 mansarda",
    "synonyms": []
  },
  {
    "value": "Stanza 2 mansarda",
    "synonyms": []
  },
  {
    "value": "Stanza 3 mansarda",
    "synonyms": []
  },
  {
    "value": "Stanza 4 mansarda",
    "synonyms": []
  },
  {
    "value": "Stanza 102, via Rosmini 15",
    "synonyms": []
  },
  {
    "value": "Stanza 103, via Rosmini 15",
    "synonyms": []
  },
  {
    "value": "Stanza 104, via Rosmini 15",
    "synonyms": []
  },
  {
    "value": "Stanza 105, via Rosmini 15",
    "synonyms": []
  },
  {
    "value": "Stanza 106, via Rosmini 15",
    "synonyms": []
  },
  {
    "value": "Stanza 107, via Rosmini 15",
    "synonyms": []
  },
  {
    "value": "Stanza 201, via Rosmini 15",
    "synonyms": []
  },
  {
    "value": "Stanza 202, via Rosmini 15",
    "synonyms": []
  },
  {
    "value": "Stanza 204, via Rosmini 15",
    "synonyms": []
  },
  {
    "value": "Stanza 205, via Rosmini 15",
    "synonyms": []
  },
  {
    "value": "Stanza 206, via Rosmini 15",
    "synonyms": []
  },
  {
    "value": "Stanza 207, via Rosmini 15",
    "synonyms": []
  },
  {
    "value": "Stanza 208, via Rosmini 15",
    "synonyms": []
  }
]