[
  {
    "value": "Area Polifunzionale Nord",
    "synonyms": [
      "Area Polifunzionale Nord"
    ]
  },
  {
    "value": "Atrio Nord",
    "synonyms": [
      "Atrio Nord"
    ]
  },
  {
    "value": "Aula 001 (Via T. Gar)",
    "synonyms": [
      "Aula 001"
    ]
  },
  {
    "value": "Aula 002 (Via T. Gar)",
    "synonyms": [
      "Aula 002"
    ]
  },
  {
    "value": "Aula 003 (Via T. Gar)",
    "synonyms": [
      "Aula 003"
    ]
  },
  {
    "value": "Aula 004 (Via T. Gar)",
    "synonyms": [
      "Aula 004"
    ]
  },
  {
    "value": "Aula 005 (Via T. Gar)",
    "synonyms": [
      "Aula 005"
    ]
  },
  {
    "value": "Aula 006 (Via T. Gar)",
    "synonyms": [
      "Aula 006"
    ]
  },
  {
    "value": "Aula 007 (Via T. Gar)",
    "synonyms": [
      "Aula 007"
    ]
  },
  {
    "value": "Auditorium",
    "synonyms": [
      "Auditorium"
    ]
  },
  {
    "value": "Laboratorio Filologia musicale",
    "synonyms": [
      "Laboratorio Filologia musicale"
    ]
  },
  {
    "value": "Aula 108 (Via T. Gar)",
    "synonyms": [
      "Aula 108"
    ]
  },
  {
    "value": "Aula 109 (Via T. Gar)",
    "synonyms": [
      "Aula 109"
    ]
  },
  {
    "value": "Aula 110 (Via T. Gar)",
    "synonyms": [
      "Aula 110"
    ]
  },
  {
    "value": "Aula 111 (Via T. Gar)",
    "synonyms": [
      "Aula 111"
    ]
  },
  {
    "value": "Aula 112 (Via T. Gar)",
    "synonyms": [
      "Aula 112"
    ]
  },
  {
    "value": "Aula 113 (Via T. Gar)",
    "synonyms": [
      "Aula 113"
    ]
  },
  {
    "value": "Aula 114 (Via T. Gar)",
    "synonyms": [
      "Aula 114"
    ]
  },
  {
    "value": "Aula 115 (Via T. Gar)",
    "synonyms": [
      "Aula 115"
    ]
  },
  {
    "value": "Aula 116 (Via T. Gar)",
    "synonyms": [
      "Aula 116"
    ]
  },
  {
    "value": "Aula 117 (Via T. Gar)",
    "synonyms": [
      "Aula 117"
    ]
  },
  {
    "value": "Aula 118 (Via T. Gar)",
    "synonyms": [
      "Aula 118"
    ]
  },
  {
    "value": "Aula 119 (Via T. Gar)",
    "synonyms": [
      "Aula 119"
    ]
  },
  {
    "value": "Aula 120 (Via T. Gar)",
    "synonyms": [
      "Aula 120"
    ]
  },
  {
    "value": "Aula 221 (Via T. Gar)",
    "synonyms": [
      "Aula 221"
    ]
  },
  {
    "value": "Aula 222 (Via T. Gar)",
    "synonyms": [
      "Aula 222"
    ]
  },
  {
    "value": "Aula 223 (Via T. Gar)",
    "synonyms": [
      "Aula 223"
    ]
  },
  {
    "value": "Aula 224 (Via T. Gar)",
    "synonyms": [
      "Aula 224"
    ]
  },
  {
    "value": "Aula 225 (Via T. Gar)",
    "synonyms": [
      "Aula 225"
    ]
  },
  {
    "value": "Aula 226 (Via T. Gar)",
    "synonyms": [
      "Aula 226"
    ]
  },
  {
    "value": "Aula 227 (Via T. Gar)",
    "synonyms": [
      "Aula 227"
    ]
  },
  {
    "value": "Aula 228 (Via T. Gar)",
    "synonyms": [
      "Aula 228"
    ]
  },
  {
    "value": "Aula 229 (Via T. Gar)",
    "synonyms": [
      "Aula 229"
    ]
  },
  {
    "value": "Laboratorio multimediale 1",
    "synonyms": [
      "Laboratorio multimediale 1"
    ]
  },
  {
    "value": "Laboratorio multimediale 2",
    "synonyms": [
      "Laboratorio multimediale 2"
    ]
  },
  {
    "value": "Sala riunioni - F. Targetti",
    "synonyms": [
      "Sala riunioni - F. Targetti"
    ]
  },
  {
    "value": "Sala riunioni E.L. Corner Piscopia",
    "synonyms": [
      "Sala riunioni E.L. Corner Piscopia"
    ]
  }
]