[
  {
    "value": "Aula 7",
    "synonyms": [
      "Aula 7"
    ]
  },
  {
    "value": "LD Biotecnologie 1",
    "synonyms": [
      "LD Biotecnologie 1"
    ]
  },
  {
    "value": "LD Biotecnologie 2",
    "synonyms": [
      "LD Biotecnologie 2"
    ]
  },
  {
    "value": "LD Biotecnologie 3",
    "synonyms": [
      "LD Biotecnologie 3"
    ]
  },
  {
    "value": "LD Chimica 1",
    "synonyms": [
      "LD Chimica 1"
    ]
  },
  {
    "value": "LD Chimica 2",
    "synonyms": [
      "LD Chimica 2"
    ]
  },
  {
    "value": "LD Elettronica",
    "synonyms": [
      "LD Elettronica"
    ]
  },
  {
    "value": "LD Fisica della Materia 1",
    "synonyms": [
      "LD Fisica della Materia 1"
    ]
  },
  {
    "value": "LD Fisica della Materia 2",
    "synonyms": [
      "LD Fisica della Materia 2"
    ]
  },
  {
    "value": "LD Fisica della Materia 3",
    "synonyms": [
      "LD Fisica della Materia 3"
    ]
  },
  {
    "value": "LD Matematica",
    "synonyms": [
      "LD Matematica"
    ]
  },
  {
    "value": "LD Meccanica",
    "synonyms": [
      "LD Meccanica"
    ]
  },
  {
    "value": "LD Microscopia",
    "synonyms": [
      "LD Microscopia"
    ]
  },
  {
    "value": "LD Ottica",
    "synonyms": [
      "LD Ottica"
    ]
  },
  {
    "value": "LD PED 1",
    "synonyms": [
      "LD PED 1"
    ]
  },
  {
    "value": "LD PED 2",
    "synonyms": [
      "LD PED 2"
    ]
  }
]