[
  {
    "value": "Aula pc A201",
    "synonyms": [
      "Aula A201",
      "A201"
    ]
  },
  {
    "value": "Aula pc A202",
    "synonyms": [
      "Aula A202",
      "A202"
    ]
  },
  {
    "value": "Aula A203",
    "synonyms": [
      "Aula A203",
      "A203"
    ]
  },
  {
    "value": "Aula A204",
    "synonyms": [
      "Aula A204",
      "A204"
    ]
  },
  {
    "value": "Aula A205",
    "synonyms": [
      "Aula A205",
      "A205"
    ]
  },
  {
    "value": "Aula A206",
    "synonyms": [
      "Aula A206",
      "A206"
    ]
  },
  {
    "value": "Aula A207",
    "synonyms": [
      "Aula A207",
      "A207"
    ]
  },
  {
    "value": "Aula A208",
    "synonyms": [
      "Aula A208",
      "A208"
    ]
  },
  {
    "value": "Aula A209",
    "synonyms": [
      "Aula A209",
      "A209"
    ]
  },
  {
    "value": "Aula A210",
    "synonyms": [
      "Aula A210",
      "A210"
    ]
  },
  {
    "value": "Aula A211",
    "synonyms": [
      "Aula A211",
      "A211"
    ]
  },
  {
    "value": "Aula A212",
    "synonyms": [
      "Aula A212",
      "A212"
    ]
  },
  {
    "value": "Aula A213",
    "synonyms": [
      "Aula A213",
      "A213"
    ]
  },
  {
    "value": "Aula A214",
    "synonyms": [
      "Aula A214",
      "A214"
    ]
  },
  {
    "value": "Aula A215",
    "synonyms": [
      "Aula A215",
      "A215"
    ]
  },
  {
    "value": "Aula A216 (spazio polifunzionale)",
    "synonyms": [
      "Aula A216",
      "A216"
    ]
  },
  {
    "value": "Aula A217 (spazio polifunzionale)",
    "synonyms": [
      "Aula A217",
      "A217"
    ]
  },
  {
    "value": "Aula A218",
    "synonyms": [
      "Aula A218",
      "A218"
    ]
  },
  {
    "value": "Aula A219",
    "synonyms": [
      "Aula A219",
      "A219"
    ]
  },
  {
    "value": "Aula A220",
    "synonyms": [
      "Aula A220",
      "A220"
    ]
  },
  {
    "value": "Aula A221",
    "synonyms": [
      "Aula A221",
      "A221"
    ]
  },
  {
    "value": "Aula A222",
    "synonyms": [
      "Aula A222",
      "A222"
    ]
  },
  {
    "value": "Aula A223",
    "synonyms": [
      "Aula A223",
      "A223"
    ]
  },
  {
    "value": "Aula A224",
    "synonyms": [
      "Aula A224",
      "A224"
    ]
  }
]