[
  {
    "value": "Area Polifunzionale Nord",
    "synonyms": []
  },
  {
    "value": "Atrio Nord",
    "synonyms": []
  },
  {
    "value": "001",
    "synonyms": []
  },
  {
    "value": "002",
    "synonyms": []
  },
  {
    "value": "003",
    "synonyms": []
  },
  {
    "value": "004",
    "synonyms": []
  },
  {
    "value": "005",
    "synonyms": []
  },
  {
    "value": "006",
    "synonyms": []
  },
  {
    "value": "007",
    "synonyms": []
  },
  {
    "value": "Auditorium",
    "synonyms": []
  },
  {
    "value": "Laboratorio Filologia musicale",
    "synonyms": []
  },
  {
    "value": "108",
    "synonyms": []
  },
  {
    "value": "109",
    "synonyms": []
  },
  {
    "value": "110",
    "synonyms": []
  },
  {
    "value": "111",
    "synonyms": []
  },
  {
    "value": "112",
    "synonyms": []
  },
  {
    "value": "113",
    "synonyms": []
  },
  {
    "value": "114",
    "synonyms": []
  },
  {
    "value": "115",
    "synonyms": []
  },
  {
    "value": "116",
    "synonyms": []
  },
  {
    "value": "117",
    "synonyms": []
  },
  {
    "value": "118",
    "synonyms": []
  },
  {
    "value": "119",
    "synonyms": []
  },
  {
    "value": "120",
    "synonyms": []
  },
  {
    "value": "221",
    "synonyms": []
  },
  {
    "value": "222",
    "synonyms": []
  },
  {
    "value": "223",
    "synonyms": []
  },
  {
    "value": "224",
    "synonyms": []
  },
  {
    "value": "225",
    "synonyms": []
  },
  {
    "value": "226",
    "synonyms": []
  },
  {
    "value": "227",
    "synonyms": []
  },
  {
    "value": "228",
    "synonyms": []
  },
  {
    "value": "229",
    "synonyms": []
  },
  {
    "value": "Laboratorio multimediale 1",
    "synonyms": []
  },
  {
    "value": "Laboratorio multimediale 2",
    "synonyms": []
  },
  {
    "value": "Sala riunioni - F. Targetti",
    "synonyms": []
  },
  {
    "value": "Sala riunioni E.L. Corner Piscopia",
    "synonyms": []
  }
]