[
  {
    "value": "AULA DIDATTICA 01",
    "synonyms": [
      "AULA DIDATTICA 01"
    ]
  },
  {
    "value": "AULA DIDATTICA 02",
    "synonyms": [
      "AULA DIDATTICA 02"
    ]
  },
  {
    "value": "AULA DIDATTICA 03",
    "synonyms": [
      "AULA DIDATTICA 03"
    ]
  },
  {
    "value": "AULA DIDATTICA 04",
    "synonyms": [
      "AULA DIDATTICA 04"
    ]
  },
  {
    "value": "AULA DIDATTICA 05",
    "synonyms": [
      "AULA DIDATTICA 05"
    ]
  },
  {
    "value": "AULA DIDATTICA 06",
    "synonyms": [
      "AULA DIDATTICA 06"
    ]
  },
  {
    "value": "AULA DIDATTICA 07",
    "synonyms": [
      "AULA DIDATTICA 07"
    ]
  },
  {
    "value": "AULA DIDATTICA 08",
    "synonyms": [
      "AULA DIDATTICA 08"
    ]
  },
  {
    "value": "AULA DIDATTICA 09",
    "synonyms": [
      "AULA DIDATTICA 09"
    ]
  },
  {
    "value": "AULA DIDATTICA 10",
    "synonyms": [
      "AULA DIDATTICA 10"
    ]
  },
  {
    "value": "AULA GIUSTINO D\u0027ORAZIO",
    "synonyms": [
      "AULA GIUSTINO D\u0027ORAZIO"
    ]
  },
  {
    "value": "AULA DIDATTICA A",
    "synonyms": [
      "AULA DIDATTICA A"
    ]
  },
  {
    "value": "AULA DIDATTICA B",
    "synonyms": [
      "AULA DIDATTICA B"
    ]
  },
  {
    "value": "AULA DIDATTICA C",
    "synonyms": [
      "AULA DIDATTICA C"
    ]
  },
  {
    "value": "AULA DIDATTICA D",
    "synonyms": [
      "AULA DIDATTICA D"
    ]
  },
  {
    "value": "AULA INFORMATICA 01",
    "synonyms": [
      "AULA INFORMATICA 01"
    ]
  },
  {
    "value": "AULA INFORMATICA 02",
    "synonyms": [
      "AULA INFORMATICA 02"
    ]
  },
  {
    "value": "SALA CONFERENZE",
    "synonyms": [
      "SALA CONFERENZE"
    ]
  },
  {
    "value": "Sala lettura 1",
    "synonyms": [
      "Sala lettura 1"
    ]
  },
  {
    "value": "Sala lettura 2",
    "synonyms": [
      "Sala lettura 2"
    ]
  },
  {
    "value": "Sala lettura 3",
    "synonyms": [
      "Sala lettura 3"
    ]
  },
  {
    "value": "Sala Professori",
    "synonyms": [
      "Sala Professori"
    ]
  },
  {
    "value": "Stanza 101, via Rosmini 27",
    "synonyms": [
      "Stanza 101, via Rosmini 27"
    ]
  },
  {
    "value": "Stanza 102, via Rosmini 27",
    "synonyms": [
      "Stanza 102, via Rosmini 27"
    ]
  },
  {
    "value": "Stanza 104, via Rosmini 27",
    "synonyms": [
      "Stanza 104, via Rosmini 27"
    ]
  },
  {
    "value": "Stanza 103, via Rosmini 27",
    "synonyms": [
      "Stanza 103, via Rosmini 27"
    ]
  },
  {
    "value": "Stanza 105, via Rosmini 27",
    "synonyms": [
      "Stanza 105, via Rosmini 27"
    ]
  },
  {
    "value": "Stanza 106, via Rosmini 27",
    "synonyms": [
      "Stanza 106, via Rosmini 27"
    ]
  },
  {
    "value": "Stanza 107, via Rosmini 27",
    "synonyms": [
      "Stanza 107, via Rosmini 27"
    ]
  },
  {
    "value": "Stanza 108, via Rosmini 27",
    "synonyms": [
      "Stanza 108, via Rosmini 27"
    ]
  },
  {
    "value": "Stanza 109, via Rosmini 27",
    "synonyms": [
      "Stanza 109, via Rosmini 27"
    ]
  },
  {
    "value": "Stanza 110, via Rosmini 27",
    "synonyms": [
      "Stanza 110, via Rosmini 27"
    ]
  },
  {
    "value": "Stanza 112, via Rosmini 27",
    "synonyms": [
      "Stanza 112, via Rosmini 27"
    ]
  },
  {
    "value": "Stanza 113, via Rosmini 27",
    "synonyms": [
      "Stanza 113, via Rosmini 27"
    ]
  },
  {
    "value": "Stanza 201, via Rosmini 27",
    "synonyms": [
      "Stanza 201, via Rosmini 27"
    ]
  },
  {
    "value": "Stanza 202, via Rosmini 27",
    "synonyms": [
      "Stanza 202, via Rosmini 27"
    ]
  },
  {
    "value": "Stanza 203, via Rosmini 27",
    "synonyms": [
      "Stanza 203, via Rosmini 27"
    ]
  },
  {
    "value": "Stanza 204, via Rosmini 27",
    "synonyms": [
      "Stanza 204, via Rosmini 27"
    ]
  },
  {
    "value": "Stanza 205, via Rosmini 27",
    "synonyms": [
      "Stanza 205, via Rosmini 27"
    ]
  },
  {
    "value": "Stanza 206, via Rosmini 27",
    "synonyms": [
      "Stanza 206, via Rosmini 27"
    ]
  },
  {
    "value": "Stanza 207, via Rosmini 27",
    "synonyms": [
      "Stanza 207, via Rosmini 27"
    ]
  },
  {
    "value": "Stanza 208, via Rosmini 27",
    "synonyms": [
      "Stanza 208, via Rosmini 27"
    ]
  },
  {
    "value": "Stanza 209, via Rosmini 27",
    "synonyms": [
      "Stanza 209, via Rosmini 27"
    ]
  },
  {
    "value": "Stanza 210, via Rosmini 27",
    "synonyms": [
      "Stanza 210, via Rosmini 27"
    ]
  },
  {
    "value": "Stanza 211, via Rosmini 27",
    "synonyms": [
      "Stanza 211, via Rosmini 27"
    ]
  },
  {
    "value": "Stanza 212, via Rosmini 27",
    "synonyms": [
      "Stanza 212, via Rosmini 27"
    ]
  },
  {
    "value": "Stanza 213, via Rosmini 27",
    "synonyms": [
      "Stanza 213, via Rosmini 27"
    ]
  },
  {
    "value": "Stanza 214, via Rosmini 27",
    "synonyms": [
      "Stanza 214, via Rosmini 27"
    ]
  },
  {
    "value": "Stanza 215, via Rosmini 27",
    "synonyms": [
      "Stanza 215, via Rosmini 27"
    ]
  },
  {
    "value": "Stanza 216, via Rosmini 27",
    "synonyms": [
      "Stanza 216, via Rosmini 27"
    ]
  },
  {
    "value": "Stanza 217, via Rosmini 27",
    "synonyms": [
      "Stanza 217"
    ]
  },
  {
    "value": "Stanza 218, via Rosmini 27",
    "synonyms": [
      "Stanza 218"
    ]
  },
  {
    "value": "Stanza 219, via Rosmini 27",
    "synonyms": [
      "Stanza 219"
    ]
  },
  {
    "value": "Stanza 220, via Rosmini 27",
    "synonyms": [
      "Stanza 220"
    ]
  },
  {
    "value": "Stanza 221, via Rosmini 27",
    "synonyms": [
      "Stanza 221"
    ]
  },
  {
    "value": "Stanza 222, via Rosmini 27",
    "synonyms": [
      "Stanza 222"
    ]
  },
  {
    "value": "Stanza 223, via Rosmini 27",
    "synonyms": [
      "Stanza 223"
    ]
  },
  {
    "value": "Stanza 225, via Rosmini 27",
    "synonyms": [
      "Stanza 225"
    ]
  },
  {
    "value": "Stanza 1 mansarda, via Rosmini 27",
    "synonyms": [
      "Stanza 1 mansarda"
    ]
  },
  {
    "value": "Stanza 2 mansarda, via Rosmini 27",
    "synonyms": [
      "Stanza 2 mansarda"
    ]
  },
  {
    "value": "Stanza 3 mansarda, via Rosmini 27",
    "synonyms": [
      "Stanza 3 mansarda"
    ]
  },
  {
    "value": "Stanza 4 mansarda, via Rosmini 27",
    "synonyms": [
      "Stanza 4 mansarda"
    ]
  },
  {
    "value": "Stanza 102, via Rosmini 15",
    "synonyms": [
      "Stanza 102, via Rosmini 15"
    ]
  },
  {
    "value": "Stanza 103, via Rosmini 15",
    "synonyms": [
      "Stanza 103, via Rosmini 15"
    ]
  },
  {
    "value": "Stanza 104, via Rosmini 15",
    "synonyms": [
      "Stanza 104, via Rosmini 15"
    ]
  },
  {
    "value": "Stanza 105, via Rosmini 15",
    "synonyms": [
      "Stanza 105, via Rosmini 15"
    ]
  },
  {
    "value": "Stanza 106, via Rosmini 15",
    "synonyms": [
      "Stanza 106, via Rosmini 15"
    ]
  },
  {
    "value": "Stanza 107, via Rosmini 15",
    "synonyms": [
      "Stanza 107, via Rosmini 15"
    ]
  },
  {
    "value": "Stanza 201, via Rosmini 15",
    "synonyms": [
      "Stanza 201, via Rosmini 15"
    ]
  },
  {
    "value": "Stanza 202, via Rosmini 15",
    "synonyms": [
      "Stanza 202, via Rosmini 15"
    ]
  },
  {
    "value": "Stanza 204, via Rosmini 15",
    "synonyms": [
      "Stanza 204, via Rosmini 15"
    ]
  },
  {
    "value": "Stanza 205, via Rosmini 15",
    "synonyms": [
      "Stanza 205, via Rosmini 15"
    ]
  },
  {
    "value": "Stanza 206, via Rosmini 15",
    "synonyms": [
      "Stanza 206, via Rosmini 15"
    ]
  },
  {
    "value": "Stanza 207, via Rosmini 15",
    "synonyms": [
      "Stanza 207, via Rosmini 15"
    ]
  },
  {
    "value": "Stanza 208, via Rosmini 15",
    "synonyms": [
      "Stanza 208, via Rosmini 15"
    ]
  }
]