[
  {
    "value": "A201",
    "synonyms": [
      "A201"
    ]
  },
  {
    "value": "A202",
    "synonyms": [
      "A202"
    ]
  },
  {
    "value": "A203",
    "synonyms": [
      "A203"
    ]
  },
  {
    "value": "A204",
    "synonyms": [
      "A204"
    ]
  },
  {
    "value": "A205",
    "synonyms": [
      "A205"
    ]
  },
  {
    "value": "A206",
    "synonyms": [
      "A206"
    ]
  },
  {
    "value": "A207",
    "synonyms": [
      "A207"
    ]
  },
  {
    "value": "A208",
    "synonyms": [
      "A208"
    ]
  },
  {
    "value": "A209",
    "synonyms": [
      "A209"
    ]
  },
  {
    "value": "A210",
    "synonyms": [
      "A210"
    ]
  },
  {
    "value": "A211",
    "synonyms": [
      "A211"
    ]
  },
  {
    "value": "A212",
    "synonyms": [
      "A212"
    ]
  },
  {
    "value": "A213",
    "synonyms": [
      "A213"
    ]
  },
  {
    "value": "A214",
    "synonyms": [
      "A214"
    ]
  },
  {
    "value": "A215",
    "synonyms": [
      "A215"
    ]
  },
  {
    "value": "A216",
    "synonyms": [
      "A216"
    ]
  },
  {
    "value": "A217",
    "synonyms": [
      "A217"
    ]
  },
  {
    "value": "A218",
    "synonyms": [
      "A218"
    ]
  },
  {
    "value": "A219",
    "synonyms": [
      "A219"
    ]
  },
  {
    "value": "A220",
    "synonyms": [
      "A220"
    ]
  },
  {
    "value": "A221",
    "synonyms": [
      "A221"
    ]
  },
  {
    "value": "A222",
    "synonyms": [
      "A222"
    ]
  },
  {
    "value": "A223",
    "synonyms": [
      "A223"
    ]
  },
  {
    "value": "A224",
    "synonyms": [
      "A224"
    ]
  }
]