[
  {
    "value": "A101",
    "synonyms": [
      "A101"
    ]
  },
  {
    "value": "A102",
    "synonyms": [
      "A102"
    ]
  },
  {
    "value": "A103",
    "synonyms": [
      "A103"
    ]
  },
  {
    "value": "A104",
    "synonyms": [
      "A104"
    ]
  },
  {
    "value": "A105",
    "synonyms": [
      "A105"
    ]
  },
  {
    "value": "A106",
    "synonyms": [
      "A106"
    ]
  },
  {
    "value": "A107",
    "synonyms": [
      "A107"
    ]
  },
  {
    "value": "A108",
    "synonyms": [
      "A108"
    ]
  }
]