[
  {
    "value": "Aula A101",
    "synonyms": [
      "Aula A101",
      "A101"
    ]
  },
  {
    "value": "Aula A102",
    "synonyms": [
      "Aula A102",
      "A102"
    ]
  },
  {
    "value": "Aula A103",
    "synonyms": [
      "Aula A103",
      "A103"
    ]
  },
  {
    "value": "Aula A104",
    "synonyms": [
      "Aula A104",
      "A104"
    ]
  },
  {
    "value": "Aula A105",
    "synonyms": [
      "Aula A105",
      "A105"
    ]
  },
  {
    "value": "Aula A106",
    "synonyms": [
      "Aula A106",
      "A106"
    ]
  },
  {
    "value": "Aula A107",
    "synonyms": [
      "Aula A107",
      "A107"
    ]
  },
  {
    "value": "Aula A108",
    "synonyms": [
      "Aula A108",
      "A108"
    ]
  }
]