[
  {
    "value": "Sociologia",
    "synonyms": [
      "Sociologia"
    ]
  },
  {
    "value": "Lettere",
    "synonyms": [
      "Lettere",
      "Filosofia"
    ]
  },
  {
    "value": "Economia",
    "synonyms": [
      "Economia"
    ]
  },
  {
    "value": "Mesiano",
    "synonyms": [
      "Mesiano",
      "Ingegneria"
    ]
  },
  {
    "value": "Scienze Cognitive",
    "synonyms": [
      "Scienze Cognitive",
      "science_cognitive",
      "scienze_cognitive",
      "cognitive"
    ]
  },
  {
    "value": "Povo",
    "synonyms": [
      "Povo"
    ]
  },
  {
    "value": "Giurisprudenza",
    "synonyms": [
      "Giurisprudenza",
      "giuri"
    ]
  }
]